Bhagat,Sudesh,a588abhishek,0,200.896,0
fname200.012,lname200.012,passwdip200.012,1,200.012,333333
fname200.769,lname200.769,passwdip200.769,2,200.769,333333
Dritan,Aaliyah,a71kghalder,3,200.284,0
fname200.873,lname200.873,passwdip200.873,4,200.873,333333
fname200.678,lname200.678,passwdip200.678,5,200.678,333333
fname200.089,lname200.089,passwdip200.089,6,200.089,333333
fname200.016,lname200.016,passwdip200.016,7,200.016,333333
fname200.735,lname200.735,passwdip200.735,8,200.735,333333
fname200.761,lname200.761,passwdip200.761,9,200.761,333333
fname200.843,lname200.843,passwdip200.843,10,200.843,333333
Duberney,Aaya,a9833,11,200.642,0
fname200.106,lname200.106,passwdip200.106,12,200.106,333333
fname200.859,lname200.859,passwdip200.859,13,200.859,333333
fname200.952,lname200.952,passwdip200.952,14,200.952,333333
fname200.866,lname200.866,passwdip200.866,15,200.866,333333
fname200.556,lname200.556,passwdip200.556,16,200.556,333333
fname200.212,lname200.212,passwdip200.212,17,200.212,333333
fname200.749,lname200.749,passwdip200.749,18,200.749,333333
Dulcie,Abba,aaa956506,19,200.573,0
Dulcina,Abbas,aaaaaaabbb123,20,200.864,0
Dulcinea,Abbass,aaaaaamir123,21,200.237,0
Dulia,Abbes,aaaaaaq,22,200.626,0
fname200.143,lname200.143,passwdip200.143,23,200.143,333333
fname200.058,lname200.058,passwdip200.058,24,200.058,333333
fname200.205,lname200.205,passwdip200.205,25,200.205,333333
Dumitrel,Abdala,aabbuu,26,200.926,0
fname200.643,lname200.643,passwdip200.643,27,200.643,333333
Dumitru,Abdalahe,aabhisheknayakgs,28,200.538,0
fname200.56,lname200.56,passwdip200.56,29,200.56,333333
Duncan,Abdalla,aabu51048,30,200.98,0
fname200.111,lname200.111,passwdip200.111,31,200.111,333333
fname200.439,lname200.439,passwdip200.439,32,200.439,333333
fname200.797,lname200.797,passwdip200.797,33,200.797,333333
fname200.596,lname200.596,passwdip200.596,34,200.596,333333
fname200.086,lname200.086,passwdip200.086,35,200.086,333333
fname200.785,lname200.785,passwdip200.785,36,200.785,333333
fname200.051,lname200.051,passwdip200.051,37,200.051,333333
fname200.985,lname200.985,passwdip200.985,38,200.985,333333
fname200.266,lname200.266,passwdip200.266,39,200.266,333333
fname200.835,lname200.835,passwdip200.835,40,200.835,333333
fname200.616,lname200.616,passwdip200.616,41,200.616,333333
Dusty,Abdelasis,aadibabbar,42,200.676,0
Duvan,Abdelati,aadikeshar,43,200.898,0
fname200.691,lname200.691,passwdip200.691,44,200.691,333333
fname200.797,lname200.797,passwdip200.797,45,200.797,333333
Dwana,Abdelaziz,aadilhasan1230,46,200.069,0
fname200.546,lname200.546,passwdip200.546,47,200.546,333333
Dwayne,Abdelbaki,aadilkhadim,48,200.647,0
fname200.564,lname200.564,passwdip200.564,49,200.564,333333
fname200.593,lname200.593,passwdip200.593,50,200.593,333333
fname200.194,lname200.194,passwdip200.194,51,200.194,333333
fname200.469,lname200.469,passwdip200.469,52,200.469,333333
fname200.009,lname200.009,passwdip200.009,53,200.009,333333
fname200.032,lname200.032,passwdip200.032,54,200.032,333333
fname200.624,lname200.624,passwdip200.624,55,200.624,333333
fname200.983,lname200.983,passwdip200.983,56,200.983,333333
Earle,Abdelghafour,aadityagaya1111,57,200.463,0
fname200.436,lname200.436,passwdip200.436,58,200.436,333333
fname200.245,lname200.245,passwdip200.245,59,200.245,333333
Earlene,Abdelhadi,aadityapandey,60,200.63,0
fname200.376,lname200.376,passwdip200.376,61,200.376,333333
Earline,Abdelhai,aadityashinde020292,62,200.209,0
fname200.546,lname200.546,passwdip200.546,63,200.546,333333
fname200.171,lname200.171,passwdip200.171,64,200.171,333333
fname200.739,lname200.739,passwdip200.739,65,200.739,333333
Easter,Abdelhalak,aadutoocool,66,200.015,0
Eba,Abdelhalim,aaduyashu,67,200.421,0
Ebenezer,Abdelhamed,aaftabaalam696,68,200.413,0
Eber,Abdelhamid,aaftabhusen919,69,200.126,0
fname200.492,lname200.492,passwdip200.492,70,200.492,333333
fname200.634,lname200.634,passwdip200.634,71,200.634,333333
fname200.988,lname200.988,passwdip200.988,72,200.988,333333
fname200.174,lname200.174,passwdip200.174,73,200.174,333333
fname200.593,lname200.593,passwdip200.593,74,200.593,333333
Ebrahim,Abdelilah,aagarwalbbhavesh,75,200.941,0
Ebrahima,Abdelillah,aaghinotry,76,200.278,0
fname200.878,lname200.878,passwdip200.878,77,200.878,333333
Ebru,Abdeljabbar,AahilPadaniya,78,200.65,0
Ebtisam,Abdeljalak,aahilraina999,79,200.648,0
Ecaterina,Abdeljalal,aahingane143,80,200.757,0
fname200.649,lname200.649,passwdip200.649,81,200.649,333333
fname200.649,lname200.649,passwdip200.649,82,200.649,333333
Eckhard,Abdeljebbar,aahutoshkumar787,83,200.918,0
fname200.966,lname200.966,passwdip200.966,84,200.966,333333
Eda,Abdelkader,aajamaliaajam313,85,200.996,0
fname200.786,lname200.786,passwdip200.786,86,200.786,333333
Eddie,Abdelkamal,aajir3444,87,200.321,0
Eddin,Abdelkamel,aajithajith394,88,200.393,0
fname200.444,lname200.444,passwdip200.444,89,200.444,333333
fname200.882,lname200.882,passwdip200.882,90,200.882,333333
Edel,Abdelkbir,aakanksharai0311,91,200.062,0
Edelfina,Abdelkebir,aakarshhh,92,200.633,0
fname200.218,lname200.218,passwdip200.218,93,200.218,333333
Edelia,Abdelkhalak,Aakash1290,94,200.517,0
fname200.134,lname200.134,passwdip200.134,95,200.134,333333
fname200.309,lname200.309,passwdip200.309,96,200.309,333333
Edelma,Abdelkhalik,Aakash95Singh,97,200.03,0
Edelmira,Abdelkrim,aakashaevale,98,200.85,0
fname200.859,lname200.859,passwdip200.859,99,200.859,333333
Edeltraut,Abdellali,aakashbaisware123,100,200.7,0
fname200.218,lname200.218,passwdip200.218,101,200.218,333333
Edelweis,Abdellaziz,aakashbisht140219951,102,200.468,0
fname200.502,lname200.502,passwdip200.502,103,200.502,333333
fname200.649,Abdelmadjid,aakashchauhan53153,104,200.649,1111
fname200.769,lname200.769,passwdip200.769,105,200.769,333333
fname200.252,lname200.252,passwdip200.252,106,200.252,333333
fname200.994,lname200.994,passwdip200.994,107,200.994,333333
fname200.582,lname200.582,passwdip200.582,108,200.582,333333
fname200.188,lname200.188,passwdip200.188,109,200.188,333333
fname200.699,lname200.699,passwdip200.699,110,200.699,333333
fname200.285,lname200.285,passwdip200.285,111,200.285,333333
fname200.43,lname200.43,passwdip200.43,112,200.43,333333
Edgar,Abdelmonim,aakashmaheshwari89,113,200.66,0
fname200.367,lname200.367,passwdip200.367,114,200.367,333333
fname200.614,lname200.614,passwdip200.614,115,200.614,333333
fname200.942,lname200.942,passwdip200.942,116,200.942,333333
fname200.398,lname200.398,passwdip200.398,117,200.398,333333
fname200.969,lname200.969,passwdip200.969,118,200.969,333333
fname200.994,lname200.994,passwdip200.994,119,200.994,333333
fname200.37,lname200.37,passwdip200.37,120,200.37,333333
fname200.878,lname200.878,passwdip200.878,121,200.878,333333
fname200.016,lname200.016,passwdip200.016,122,200.016,333333
fname200.245,lname200.245,passwdip200.245,123,200.245,333333
fname200.063,lname200.063,passwdip200.063,124,200.063,333333
fname200.419,lname200.419,passwdip200.419,125,200.419,333333
Edilene,Abdelouahd,aakashvani18,126,200.845,0
fname200.684,lname200.684,passwdip200.684,127,200.684,333333
fname200.879,lname200.879,passwdip200.879,128,200.879,333333
fname200.098,lname200.098,passwdip200.098,129,200.098,333333
Edilma,Abdelouhab,aakibjawed07,130,200.698,0
Edilson,Abdelqader,aakibshaik988,131,200.482,0
Edin,Abdelrahim,aakilkairaka,132,200.796,0
Edina,Abdelrahman,aakirbhat123,133,200.93,0
fname200.259,lname200.259,passwdip200.259,134,200.259,333333
fname200.184,lname200.184,passwdip200.184,135,200.184,333333
fname200.679,lname200.679,passwdip200.679,136,200.679,333333
fname200.327,lname200.327,passwdip200.327,137,200.327,333333
Edison,Abdelwahab,aali0566499,138,200.706,0
Edisson,Abdelwahad,aalkaram92,139,200.731,0
fname200.447,lname200.447,passwdip200.447,140,200.447,333333
fname200.662,lname200.662,passwdip200.662,141,200.662,333333
Edite,Abdenabi,aalok909,142,200.251,0
Edith,Abdenacer,aalokboonlia9,143,200.717,0
Editha,Abdenaji,aalokchauhan20,144,200.921,0
Edivaldo,Abdenasser,aalokkaran9,145,200.581,0
Edivia,Abdenbi,aalokpratap1,146,200.097,0
Edmar,Abdennabi,AaMG,147,200.824,0
fname200.695,lname200.695,passwdip200.695,148,200.695,333333
Edmon,Abdennaceur,aamir65539,149,200.594,0
fname200.783,lname200.783,passwdip200.783,150,200.783,333333
fname200.143,lname200.143,passwdip200.143,151,200.143,333333
fname200.23,lname200.23,passwdip200.23,152,200.23,333333
Edmundas,Abdennaser,aamirkhan261099,153,200.853,0
fname200.387,lname200.387,passwdip200.387,154,200.387,333333
fname200.147,lname200.147,passwdip200.147,155,200.147,333333
fname200.457,lname200.457,passwdip200.457,156,200.457,333333
fname200.136,lname200.136,passwdip200.136,157,200.136,333333
fname200.646,lname200.646,passwdip200.646,158,200.646,333333
Edra,Abderahim,aamitjain2111,159,200.925,0
fname200.322,lname200.322,passwdip200.322,160,200.322,333333
Edrisa,Abderahmane,Aamkhedaydv123,161,200.601,0
Edson,Abderazak,aamuktha022012,162,200.343,0
fname200.974,lname200.974,passwdip200.974,163,200.974,333333
fname200.332,lname200.332,passwdip200.332,164,200.332,333333
fname200.034,lname200.034,passwdip200.034,165,200.034,333333
fname200.564,lname200.564,passwdip200.564,166,200.564,333333
fname200.928,lname200.928,passwdip200.928,167,200.928,333333
fname200.58,lname200.58,passwdip200.58,168,200.58,333333
fname200.603,lname200.603,passwdip200.603,169,200.603,333333
fname200.31,lname200.31,passwdip200.31,170,200.31,333333
Eduina,Abderrahim,aanbumani82,171,200.654,0
Edur,Abderrahime,Aanchal2020,172,200.613,0
fname200.008,lname200.008,passwdip200.008,173,200.008,333333
fname200.823,lname200.823,passwdip200.823,174,200.823,333333
fname200.465,lname200.465,passwdip200.465,175,200.465,333333
fname200.009,lname200.009,passwdip200.009,176,200.009,333333
fname200.643,lname200.643,passwdip200.643,177,200.643,333333
fname200.902,lname200.902,passwdip200.902,178,200.902,333333
Edvard,Abderrazaq,aanoopca,179,200.042,0
Edvardas,Abderrazek,aansarialisher,180,200.326,0
Edvin,Abderrazzak,aanshu121,181,200.566,0
fname200.329,lname200.329,passwdip200.329,182,200.329,333333
Edwar,Abderrezak,aanuragrai,183,200.799,0
Edward,Abderrezzak,aany19,184,200.892,0
fname200.136,lname200.136,passwdip200.136,185,200.136,333333
Edwige,Abdesalam,aanyakapoor207,186,200.333,0
Edwin,Abdesamad,aapanihotel,187,200.456,0
Edwina,Abdeselam,aaparna,188,200.414,0
fname200.239,lname200.239,passwdip200.239,189,200.239,333333
fname200.91,lname200.91,passwdip200.91,190,200.91,333333
Edyth,Abdessadek,aaradhanasisodiya,191,200.486,0
Edythe,Abdessadeq,aaradhya2512amit,192,200.096,0
fname200.328,lname200.328,passwdip200.328,193,200.328,333333
Efe,Abdessalam,aaradhyareddy2766,194,200.945,0
fname200.985,lname200.985,passwdip200.985,195,200.985,333333
Efidencia,Abdessamad,aarav678,196,200.183,0
Efigenia,Abdessamed,AArchitect,197,200.74,0
fname200.078,lname200.078,passwdip200.078,198,200.078,333333
Efisio,Abdesselam,aardaatish,199,200.725,0
Efraim,Abdesslem,aarekkhutade22,200,200.105,0
fname200.249,lname200.249,passwdip200.249,201,200.249,333333
fname200.729,lname200.729,passwdip200.729,202,200.729,333333
fname200.49,lname200.49,passwdip200.49,203,200.49,333333
Efren,Abdollah,aarifbhat21,204,200.937,0
fname200.936,lname200.936,passwdip200.936,205,200.936,333333
Egiarte,Abdona,aarifkhankhorikalan,206,200.829,0
Egidia,Abdou,aarishansari8220,207,200.535,0
Egidijus,Abdoul,aarj05,208,200.773,0
fname200.397,lname200.397,passwdip200.397,209,200.397,333333
fname200.43,lname200.43,passwdip200.43,210,200.43,333333
fname200.525,lname200.525,passwdip200.525,211,200.525,333333
Egoi,Abdourahamane,aarontinu9,212,200.907,0
Egoitz,Abdourahman,Aarowant,213,200.313,0
fname200.761,lname200.761,passwdip200.761,214,200.761,333333
fname200.161,lname200.161,passwdip200.161,215,200.161,333333
Eguski単e,Abdramane,aartichaurasaiya,216,200.214,0
Eguzki単e,Abdu,aartigupta05093,217,200.145,0
fname200.377,lname200.377,passwdip200.377,218,200.377,333333
fname200.134,lname200.134,passwdip200.134,219,200.134,333333
Ehab,Abdulai,aartiparjapati561,220,200.09,0
fname200.616,lname200.616,passwdip200.616,221,200.616,333333
fname200.479,lname200.479,passwdip200.479,222,200.479,333333
fname200.764,lname200.764,passwdip200.764,223,200.764,333333
fname200.131,lname200.131,passwdip200.131,224,200.131,333333
fname200.822,lname200.822,passwdip200.822,225,200.822,333333
fname200.995,lname200.995,passwdip200.995,226,200.995,333333
fname200.83,lname200.83,passwdip200.83,227,200.83,333333
fname200.639,lname200.639,passwdip200.639,228,200.639,333333
fname200.376,lname200.376,passwdip200.376,229,200.376,333333
fname200.592,lname200.592,passwdip200.592,230,200.592,333333
fname200.589,lname200.589,passwdip200.589,231,200.589,333333
fname200.184,lname200.184,passwdip200.184,232,200.184,333333
Eila,Abelia,aarvindchoudhary007,233,200.44,0
Eileen,Abelina,aaryamadhu75,234,200.572,0
fname200.867,lname200.867,passwdip200.867,235,200.867,333333
Eiman,Abelio,aaryankaps,236,200.487,0
Eimantas,Abenaura,aaryansatija,237,200.726,0
fname200.377,lname200.377,passwdip200.377,238,200.377,333333
fname200.752,lname200.752,passwdip200.752,239,200.752,333333
fname200.999,lname200.999,passwdip200.999,240,200.999,333333
fname200.904,lname200.904,passwdip200.904,241,200.904,333333
fname200.739,lname200.739,passwdip200.739,242,200.739,333333
Eirik,Abibou,aasheesh947,243,200.302,0
Eitan,Abid,aasheeshchauhanac778,244,200.635,0
fname200.332,lname200.332,passwdip200.332,245,200.332,333333
fname200.77,lname200.77,passwdip200.77,246,200.77,333333
Ejaz,Abiel,aashiesh,247,200.923,0
fname200.889,lname200.889,passwdip200.889,248,200.889,333333
fname200.913,lname200.913,passwdip200.913,249,200.913,333333
fname200.241,lname200.241,passwdip200.241,250,200.241,333333
fname200.837,lname200.837,passwdip200.837,251,200.837,333333
fname200.213,lname200.213,passwdip200.213,252,200.213,333333
Ekaterine,Abisai,aashish3477,253,200.074,0
fname200.45,lname200.45,passwdip200.45,254,200.45,333333
fname200.795,lname200.795,passwdip200.795,255,200.795,333333
fname200.429,lname200.429,passwdip200.429,256,200.429,333333
fname200.339,lname200.339,passwdip200.339,257,200.339,333333
Eki単e,Aboubacar,aashishnew007,258,200.605,0
fname200.999,lname200.999,passwdip200.999,259,200.999,333333
Ekram,Aboubakary,aashishraj27194,260,200.263,0
fname200.819,lname200.819,passwdip200.819,261,200.819,333333
Ela,Aboubakr,Aashishscorpio,262,200.771,0
fname200.904,lname200.904,passwdip200.904,263,200.904,333333
fname200.879,lname200.879,passwdip200.879,264,200.879,333333
fname200.554,lname200.554,passwdip200.554,265,200.554,333333
fname200.636,lname200.636,passwdip200.636,266,200.636,333333
Eladio,Abrahim,aashisjain5199,267,200.947,0
Elaia,Abram,aashiyamobin4,268,200.868,0
Elaid,Abran,Aashni87,269,200.128,0
fname200.07,lname200.07,passwdip200.07,270,200.07,333333
Elaine,Abril,Aashu306,271,200.73,0
Elan,Absalon,aashusingh954,272,200.857,0
fname200.309,lname200.309,passwdip200.309,273,200.309,333333
fname200.974,lname200.974,passwdip200.974,274,200.974,333333
fname200.194,lname200.194,passwdip200.194,275,200.194,333333
Elarbi,Abubacarr,aasifashu89,276,200.15,0
fname200.811,lname200.811,passwdip200.811,277,200.811,333333
fname200.959,lname200.959,passwdip200.959,278,200.959,333333
Elbachir,Abubakary,aasifmansuri8281,279,200.42,0
fname200.858,lname200.858,passwdip200.858,280,200.858,333333
Elbio,Abul,aasifshaikh3278,281,200.303,0
fname200.249,lname200.249,passwdip200.249,282,200.249,333333
fname200.083,lname200.083,passwdip200.083,283,200.083,333333
fname200.205,lname200.205,passwdip200.205,284,200.205,333333
fname200.266,lname200.266,passwdip200.266,285,200.266,333333
fname200.786,lname200.786,passwdip200.786,286,200.786,333333
fname200.397,lname200.397,passwdip200.397,287,200.397,333333
fname200.786,Acaimo,aast941,288,200.786,1111
Eldora,Acaymo,aasthamobiles,289,200.513,0
fname200.05,lname200.05,passwdip200.05,290,200.05,333333
Eldy,Acelina,aaswanninama,291,200.673,0
fname200.1,lname200.1,passwdip200.1,292,200.1,333333
fname200.244,lname200.244,passwdip200.244,293,200.244,333333
Eleanora,Achille,aatikantsingh,294,200.014,0
Eleanore,Achim,aatishmahajan071,295,200.385,0
fname200.31,lname200.31,passwdip200.31,296,200.31,333333
fname200.184,Achoucha,aatlamanikanta,297,200.184,1111
fname200.986,lname200.986,passwdip200.986,298,200.986,333333
fname200.457,lname200.457,passwdip200.457,299,200.457,333333
fname200.68,lname200.68,passwdip200.68,300,200.68,333333
Elen,Acindino,Aavaan,301,200.608,0
Elena,Acisclo,aavatar091,302,200.342,0
fname200.144,lname200.144,passwdip200.144,303,200.144,333333
fname200.43,Acoraida,aavritigeraksitc,304,200.43,1111
fname200.429,lname200.429,passwdip200.429,305,200.429,333333
fname200.143,Acoydan,aayankhan78612398,306,200.143,1111
fname200.213,lname200.213,passwdip200.213,307,200.213,333333
Eleno,Acracio,aayanraj01,308,200.279,0
Elenor,Ada,aayansharma2997,309,200.425,0
Elenora,Adah,aayeshak258,310,200.068,0
Elenore,Adahi,aayeshaq471,311,200.061,0
fname200.679,lname200.679,passwdip200.679,312,200.679,333333
fname200.716,lname200.716,passwdip200.716,313,200.716,333333
fname200.226,lname200.226,passwdip200.226,314,200.226,333333
fname200.187,lname200.187,passwdip200.187,315,200.187,333333
fname200.23,lname200.23,passwdip200.23,316,200.23,333333
Eleuteria,Adalberon,aayushaggarwaler,317,200.088,0
fname200.504,lname200.504,passwdip200.504,318,200.504,333333
fname200.203,lname200.203,passwdip200.203,319,200.203,333333
fname200.596,lname200.596,passwdip200.596,320,200.596,333333
Elfreda,Adalgisa,aayushpatanjal,321,200.375,0
fname200.715,lname200.715,passwdip200.715,322,200.715,333333
Elfriede,Adalia,AayushRathi,323,200.043,0
fname200.689,lname200.689,passwdip200.689,324,200.689,333333
fname200.822,lname200.822,passwdip200.822,325,200.822,333333
fname200.752,lname200.752,passwdip200.752,326,200.752,333333
Elhassan,Adama,aazadyadav2,327,200.718,0
Eli,Adame,aazamansari428,328,200.804,0
fname200.353,lname200.353,passwdip200.353,329,200.353,333333
Eliam,Adamo,aazancrafts,330,200.62,0
Elian,Adams,AB19COOL,331,200.53,0
Eliana,Adan,ab20160816,332,200.338,0
fname200.094,lname200.094,passwdip200.094,333,200.094,333333
Elianne,Adara,ab20bhangre1999,334,200.093,0
Eliany,Adargoma,ab3528047,335,200.617,0
fname200.902,lname200.902,passwdip200.902,336,200.902,333333
fname200.99,lname200.99,passwdip200.99,337,200.99,333333
fname200.677,lname200.677,passwdip200.677,338,200.677,333333
fname200.492,lname200.492,passwdip200.492,339,200.492,333333
Elica,Adda,abagga951,340,200.651,0
fname200.419,lname200.419,passwdip200.419,341,200.419,333333
fname200.678,lname200.678,passwdip200.678,342,200.678,333333
fname200.012,lname200.012,passwdip200.012,343,200.012,333333
fname200.516,lname200.516,passwdip200.516,344,200.516,333333
Elicio,Adeela,abbasalishaik2580,345,200.623,0
Elida,Adei,abbasgazi689,346,200.324,0
Elide,Adel,abbastin,347,200.914,0
fname200.336,lname200.336,passwdip200.336,348,200.336,333333
Elidio,Adelaida,abbroabhi451,349,200.301,0
fname200.252,lname200.252,passwdip200.252,350,200.252,333333
fname200.646,lname200.646,passwdip200.646,351,200.646,333333
Eliecer,Adelardo,abburajput05,352,200.686,0
fname200.286,lname200.286,passwdip200.286,353,200.286,333333
fname200.33,lname200.33,passwdip200.33,354,200.33,333333
Elier,Adelfa,abbykamail,355,200.091,0
Elies,Adelfina,abbyshkkool,356,200.559,0
fname200.285,lname200.285,passwdip200.285,357,200.285,333333
fname200.198,lname200.198,passwdip200.198,358,200.198,333333
Eliezer,Adelin,abc4567,359,200.168,0
Elif,Adelina,abc50614,360,200.416,0
fname200.007,lname200.007,passwdip200.007,361,200.007,333333
fname200.858,lname200.858,passwdip200.858,362,200.858,333333
Eligijus,Adelino,ABD452,363,200.863,0
Eligio,Adelio,abdheshyadav153,364,200.515,0
fname200.283,lname200.283,passwdip200.283,365,200.283,333333
fname200.403,lname200.403,passwdip200.403,366,200.403,333333
Elimane,Adella,abdu6373,367,200.537,0
Elin,Adelle,abdul112200,368,200.503,0
fname200.089,lname200.089,passwdip200.089,369,200.089,333333
fname200.034,lname200.034,passwdip200.034,370,200.034,333333
fname200.911,lname200.911,passwdip200.911,371,200.911,333333
fname200.133,lname200.133,passwdip200.133,372,200.133,333333
fname200.68,lname200.68,passwdip200.68,373,200.68,333333
Eliodora,Adem,abdulansari13141,374,200.208,0
fname200.795,lname200.795,passwdip200.795,375,200.795,333333
fname200.264,lname200.264,passwdip200.264,376,200.264,333333
fname200.384,lname200.384,passwdip200.384,377,200.384,333333
fname200.377,Adenso,abdulirfanshaik2019,378,200.377,1111
Eliott,Adeodato,abduljolil51790,379,200.591,0
Eliria,Aderita,abdulkader12425,380,200.335,0
fname200.1,lname200.1,passwdip200.1,381,200.1,333333
fname200.243,lname200.243,passwdip200.243,382,200.243,333333
fname200.023,lname200.023,passwdip200.023,383,200.023,333333
fname200.749,lname200.749,passwdip200.749,384,200.749,333333
fname200.502,lname200.502,passwdip200.502,385,200.502,333333
fname200.063,lname200.063,passwdip200.063,386,200.063,333333
Elisabete,Adi,abdullahyazdan,387,200.92,0
fname200.867,lname200.867,passwdip200.867,388,200.867,333333
fname200.109,lname200.109,passwdip200.109,389,200.109,333333
Elisabhet,Adiela,abdulmazid4847,390,200.637,0
fname200.261,lname200.261,passwdip200.261,391,200.261,333333
fname200.525,lname200.525,passwdip200.525,392,200.525,333333
Elisardo,Adilia,abdulqadeer1487,393,200.587,0
fname200.161,lname200.161,passwdip200.161,394,200.161,333333
Elise,Adina,abdulrahman280199,395,200.273,0
fname200.113,lname200.113,passwdip200.113,396,200.113,333333
fname200.679,Adiran,abdulrahmanshaha219,397,200.679,1111
Elisenda,Adirane,abdulrasheed689,398,200.96,0
fname200.966,lname200.966,passwdip200.966,399,200.966,333333
fname200.078,lname200.078,passwdip200.078,400,200.078,333333
fname200.475,lname200.475,passwdip200.475,401,200.475,333333
Elisia,Adjou,abdulrazakeduru,402,200.67,0
fname200.522,lname200.522,passwdip200.522,403,200.522,333333
fname200.606,lname200.606,passwdip200.606,404,200.606,333333
Eliso,Admiracion,abdulsadiq753,405,200.808,0
fname200.243,lname200.243,passwdip200.243,406,200.243,333333
fname200.616,Adnane,abdulsolanki555,407,200.616,1111
Elitsa,Adolf,abdultauseefabbasee4,408,200.758,0
fname200.997,lname200.997,passwdip200.997,409,200.997,333333
fname200.504,lname200.504,passwdip200.504,410,200.504,333333
fname200.785,lname200.785,passwdip200.785,411,200.785,333333
fname200.794,lname200.794,passwdip200.794,412,200.794,333333
fname200.529,lname200.529,passwdip200.529,413,200.529,333333
fname200.765,lname200.765,passwdip200.765,414,200.765,333333
Eliza,Adonais,abehera,415,200.055,0
fname200.171,lname200.171,passwdip200.171,416,200.171,333333
fname200.956,lname200.956,passwdip200.956,417,200.956,333333
Elizabel,Adonina,abgupta2552,418,200.851,0
fname200.217,lname200.217,passwdip200.217,419,200.217,333333
Elizabeta,Adonis,abhasbhatt121,420,200.659,0
fname200.556,lname200.556,passwdip200.556,421,200.556,333333
Elizabeth,Adoracion,abhat5999,422,200.271,0
Elizabhet,Adoralina,abhay1346422689674,423,200.8,0
Elizangela,Adorinda,abhay621,424,200.229,0
fname200.554,lname200.554,passwdip200.554,425,200.554,333333
Elizbeth,Adria,abhay98k,426,200.747,0
fname200.985,Adriaan,abhayabhay119,427,200.985,1111
fname200.995,lname200.995,passwdip200.995,428,200.995,333333
Elka,Adriam,abhayatal1234,429,200.292,0
fname200.602,lname200.602,passwdip200.602,430,200.602,333333
fname200.354,lname200.354,passwdip200.354,431,200.354,333333
fname200.882,lname200.882,passwdip200.882,432,200.882,333333
fname200.856,lname200.856,passwdip200.856,433,200.856,333333
fname200.542,lname200.542,passwdip200.542,434,200.542,333333
Ellande,Adriano,abhayjaryalmassal,435,200.441,0
Ellen,Adrianus,abhayjogani1043,436,200.408,0
Ellena,Adriel,abhayk317,437,200.159,0
Elli,Adrien,abhaykapoor067,438,200.28,0
fname200.403,lname200.403,passwdip200.403,439,200.403,333333
fname200.019,lname200.019,passwdip200.019,440,200.019,333333
Elliott,Adrienne,abhaykumar222143,441,200.861,0
Ellis,Adrista,abhaymishra77493,442,200.743,0
fname200.797,Aduanich,abhaypandey1220,443,200.797,1111
fname200.012,Aduen,abhaypandey7488,444,200.012,1111
fname200.756,lname200.756,passwdip200.756,445,200.756,333333
Elm,Adulfo,abhayprakash2512,446,200.95,0
Elma,Aduna,abhaypratap1420,447,200.06,0
fname200.187,lname200.187,passwdip200.187,448,200.187,333333
fname200.756,lname200.756,passwdip200.756,449,200.756,333333
Elmehdi,Afafe,abhaysabar55,450,200.193,0
fname200.733,lname200.733,passwdip200.733,451,200.733,333333
Elmira,Afif,abhaysharma90,452,200.169,0
fname200.959,lname200.959,passwdip200.959,453,200.959,333333
fname200.305,lname200.305,passwdip200.305,454,200.305,333333
fname200.239,lname200.239,passwdip200.239,455,200.239,333333
Elodia,Afra,abhaysonwane05,456,200.148,0
fname200.582,lname200.582,passwdip200.582,457,200.582,333333
Elody,Africa,abhi09428,458,200.579,0
fname200.988,lname200.988,passwdip200.988,459,200.988,333333
Eloina,Afrodisia,abhi11785,460,200.369,0
fname200.205,Afrodisio,abhi1504gupta,461,200.205,1111
fname200.915,lname200.915,passwdip200.915,462,200.915,333333
fname200.443,lname200.443,passwdip200.443,463,200.443,333333
fname200.6,lname200.6,passwdip200.6,464,200.6,333333
Elora,Afton,abhi2066,465,200.514,0
Elorri,Afzaal,abhi2765,466,200.382,0
Elouise,Afzal,abhi32123,467,200.432,0
Eloy,Agafia,abhi5036,468,200.116,0
fname200.367,lname200.367,passwdip200.367,469,200.367,333333
Elpidia,Agapita,abhi60467,470,200.894,0
fname200.519,lname200.519,passwdip200.519,471,200.519,333333
Elroy,Agar,abhi64558,472,200.272,0
Els,Agata,Abhi684,473,200.86,0
fname200.188,lname200.188,passwdip200.188,474,200.188,333333
Elsbeth,Agatha,abhi9199914785,475,200.318,0
fname200.986,lname200.986,passwdip200.986,476,200.986,333333
Elsi,Agatoclio,abhi9703,477,200.024,0
fname200.204,lname200.204,passwdip200.204,478,200.204,333333
fname200.889,lname200.889,passwdip200.889,479,200.889,333333
Elsita,Ager,abhi9891559883,480,200.501,0
fname200.858,Aglae,abhiabes1110,481,200.858,1111
fname200.161,Aglaia,abhiabhay210696,482,200.161,1111
fname200.186,lname200.186,passwdip200.186,483,200.186,333333
fname200.952,lname200.952,passwdip200.952,484,200.952,333333
fname200.565,lname200.565,passwdip200.565,485,200.565,333333
fname200.023,lname200.023,passwdip200.023,486,200.023,333333
fname200.431,lname200.431,passwdip200.431,487,200.431,333333
fname200.019,lname200.019,passwdip200.019,488,200.019,333333
Elver,Agneta,abhibhowmik2019,489,200.352,0
Elvera,Agni,abhiboy203,490,200.02,0
fname200.051,lname200.051,passwdip200.051,491,200.051,333333
fname200.942,lname200.942,passwdip200.942,492,200.942,333333
fname200.309,Agoney,abhicool2k,493,200.309,1111
Elvina,Agora,abhicron,494,200.35,0
Elvio,Agostina,abhidabas622,495,200.056,0
fname200.267,lname200.267,passwdip200.267,496,200.267,333333
fname200.379,lname200.379,passwdip200.379,497,200.379,333333
Elvis,Agricio,abhideswal96,498,200.712,0
fname200.129,lname200.129,passwdip200.129,499,200.129,333333
fname200.855,lname200.855,0001vishal,500,200.855,22222
Elwood,Agua,0007satpal,501,200.383,0
fname200.855,lname200.855,000Monty123,502,200.855,22222
fname200.989,lname200.989,000rahulyadav,503,200.989,22222
fname200.721,lname200.721,0011447788m,504,200.721,22222
fname200.134,Agueda,0011447788n,505,200.134,1111
fname200.582,Aguedo,001deepakpatel,506,200.582,1111
fname200.05,lname200.05,001mocking001,507,200.05,22222
fname200.48,lname200.48,0044447788n,508,200.48,22222
Emad,Agurne,007apoorvsn,509,200.776,0
Eman,Agurtxane,007gauravchoudhary,510,200.227,0
fname200.339,lname200.339,007juliemehta,511,200.339,22222
fname200.005,lname200.005,007Pitaji,512,200.005,22222
fname200.645,lname200.645,007yogi,513,200.645,22222
fname200.086,lname200.086,0092shriparshadgoswa,514,200.086,22222
fname200.402,lname200.402,009madhu,515,200.402,22222
fname200.522,lname200.522,009parv,516,200.522,22222
Embarek,Aharon,00chatur,517,200.442,0
Embarka,Ahcene,00suyashkpatil,518,200.744,0
fname200.56,lname200.56,01ambika10,519,200.56,22222
Emel,Ahinoa,01bheemsingh999,520,200.374,0
fname200.484,lname200.484,01dineshmak,521,200.484,22222
fname200.806,lname200.806,01hardikkandpal,522,200.806,22222
Emelina,Ahitor,0204ram,523,200.632,0
fname200.377,Ahlalia,02sashmita0598,524,200.377,1111
fname200.997,lname200.997,0423adi,525,200.997,22222
Emelita,Ahlame,05Das,526,200.201,0
fname200.835,lname200.835,05gaurav10,527,200.835,22222
fname200.624,lname200.624,05rajsonu,528,200.624,22222
fname200.856,lname200.856,060622sssingh,529,200.856,22222
fname200.328,lname200.328,06ayush,530,200.328,22222
fname200.507,lname200.507,06gokul03,531,200.507,22222
fname200.495,lname200.495,07101999rajan,532,200.495,22222
Emeric,Ahmida,07jayash,533,200.665,0
fname200.444,lname200.444,07mjat,534,200.444,22222
Emerida,Ahren,089798112a,535,200.848,0
fname200.993,lname200.993,08kumarsurinder08,536,200.993,22222
Emerio,Ahtisham,093BHARANI,537,200.674,0
Emerita,Ai,0964neet,538,200.107,0
Emerito,Aia,09870nitinkumar,539,200.884,0
Emerson,Aiala,099dobhalrahul,540,200.965,0
fname200.721,lname200.721,09Darshan,541,200.721,22222
Emese,Aibin,09deepeshkushwah,542,200.922,0
fname200.174,lname200.174,09khusbumishra,543,200.174,22222
Emeterio,Aichata,09moncy,544,200.511,0
fname200.589,lname200.589,0a1b2c3dyyhhhy4cyrvy,545,200.589,22222
fname200.866,lname200.866,1008rajan,546,200.866,22222
Emigdia,Aicong,100ajmat,547,200.167,0
Emigdio,Aid,100danmaster,548,200.288,0
fname200.803,lname200.803,100livemail,549,200.803,22222
fname200.878,Aidan,100nupeppermint,550,200.878,1111
fname200.598,lname200.598,100rb100,551,200.598,22222
fname200.671,lname200.671,1029shubham,552,200.671,22222
Emile,Aidee,1071oc,553,200.451,0
fname200.204,lname200.204,107manan,554,200.204,22222
fname200.624,Aidi,10rohitrathore,555,200.624,1111
fname200.911,lname200.911,10samir,556,200.911,22222
Emilia,Aiert,10sarath17,557,200.973,0
fname200.327,lname200.327,10taknewsnational,558,200.327,22222
Emiliana,Aifen,110043gupta,559,200.36,0
fname200.989,lname200.989,11051995akhtar,560,200.989,22222
Emilie,Aiguang,111krishnaanu,561,200.289,0
fname200.078,Aiguo,1153Rohit,562,200.078,1111
Emilija,Aihnoa,11khushigarg11,563,200.347,0
fname200.598,lname200.598,11vijay1970,564,200.598,22222
fname200.241,lname200.241,121329R,565,200.241,22222
fname200.398,lname200.398,121pragyasingh,566,200.398,22222
Emilly,Aiju,121ravijaat,567,200.084,0
fname200.436,lname200.436,121shivmishra,568,200.436,22222
fname200.147,lname200.147,121y121abc,569,200.147,22222
fname200.121,lname200.121,12234fgcxdggcccccc,570,200.121,22222
Emily,Aiko,1223dinesh,571,200.875,0
Emin,Aila,123451234512345A,572,200.26,0
fname200.449,lname200.449,1234567890123456789s,573,200.449,22222
Emine,Aileen,123456789shiv,574,200.628,0
fname200.544,lname200.544,12345678gudu,575,200.544,22222
fname200.927,lname200.927,1234567KALYAN,576,200.927,22222
fname200.476,lname200.476,1234567Pranjal,577,200.476,22222
Emmanouil,Ailian,123456shubh,578,200.622,0
fname200.143,Ailin,12345dhairya,579,200.143,1111
Emmanuela,Ailing,12345imran12345,580,200.035,0
fname200.77,lname200.77,12345NJ,581,200.77,22222
fname200.496,lname200.496,12345thomas,582,200.496,22222
fname200.689,lname200.689,1234av,583,200.689,22222
Emmitt,Aimad,1234narayanpatil,584,200.841,0
fname200.49,lname200.49,1234pari,585,200.49,22222
fname200.467,lname200.467,1234pratham,586,200.467,22222
Emoke,Aimar,1234sonuram,587,200.312,0
fname200.629,lname200.629,12355a,588,200.629,22222
fname200.111,lname200.111,123aad,589,200.111,22222
fname200.9,lname200.9,123abhishek7,590,200.9,22222
Emran,Aimei,123ajaz456,591,200.452,0
Emre,Aimen,123akj,592,200.518,0
fname200.075,lname200.075,123Atul123,593,200.075,22222
En,Aina,123atulpandey123,594,200.445,0
fname200.872,lname200.872,123bhavesh,595,200.872,22222
fname200.353,lname200.353,123bittu563858,596,200.353,22222
fname200.402,lname200.402,123dille,597,200.402,22222
fname200.11,lname200.11,123jyothishjyothu80,598,200.11,22222
Enara,Ainhara,123kabir,599,200.569,0
Enaut,Ainhitze,123kuldeepsen,600,200.954,0
fname200.68,Ainhize,123laxmikhadka,601,200.68,1111
Encarnacio,Ainhoa,123manojthakur,602,200.932,0
fname200.746,lname200.746,123mdgulamhussain788,603,200.746,22222
Encarni,Ainize,123mkiran,604,200.238,0
Encarnita,Ainna,123mlp,605,200.172,0
Encho,Ainnoa,123nandhura,606,200.788,0
fname200.322,lname200.322,123ravikumar123,607,200.322,22222
fname200.843,lname200.843,123sachin16,608,200.843,22222
fname200.458,lname200.458,123sahdev124,609,200.458,22222
Endika,Aintza,123sandeep456vd,610,200.886,0
Endre,Aintzane,123sarkar,611,200.531,0
fname200.825,lname200.825,123siddhu4567,612,200.825,22222
fname200.755,lname200.755,123sikandar,613,200.755,22222
fname200.422,lname200.422,123Tamanna123,614,200.422,22222
fname200.267,lname200.267,125v,615,200.267,22222
fname200.151,lname200.151,12bnsport,616,200.151,22222
fname200.051,Airam,12ce008,617,200.051,1111
Enedino,Airan,12oshan15,618,200.32,0
fname200.68,Airas,1321ajay,619,200.68,1111
fname200.109,lname200.109,13arorasimran,620,200.109,22222
fname200.182,lname200.182,13chaits,621,200.182,22222
Enekoitz,Airidas,13jaan,622,200.001,0
fname200.422,lname200.422,13janakiraman,623,200.422,22222
Enelida,Airis,13Lucky,624,200.079,0
fname200.679,Airon,14071998kapilsingh,625,200.679,1111
fname200.283,lname200.283,141422avinash,626,200.283,22222
fname200.371,lname200.371,1432ajaychouhan,627,200.371,22222
Eneriz,Airy,1433shilpa,628,200.948,0
fname200.87,lname200.87,143Bewfa143,629,200.87,22222
fname200.998,lname200.998,143skmskm,630,200.998,22222
fname200.057,lname200.057,143sunilraj,631,200.057,22222
fname200.476,lname200.476,14guptadivyansh,632,200.476,22222
fname200.735,lname200.735,14WINNER,633,200.735,22222
fname200.327,Aisha,14yasho,634,200.327,1111
Enia,Aisling,1525raje,635,200.071,0
Enid,Aissa,15maygarsa,636,200.087,0
fname200.006,lname200.006,15shaniaharbaut,637,200.006,22222
Enilda,Aissata,15shivkumar,638,200.693,0
Enio,Aissatou,16551a0540,639,200.815,0
fname200.593,Aissatu,1693parthi,640,200.593,1111
Enma,Aiste,1704saurabh,641,200.714,0
fname200.803,lname200.803,1706mal,642,200.803,22222
fname200.245,Aitana,17101993rahul,643,200.245,1111
fname200.943,lname200.943,1780rishi,644,200.943,22222
Ennaji,Aithamy,1793pratapsingh,645,200.505,0
fname200.615,lname200.615,17chiragbhatia94,646,200.615,22222
Enoc,Aithor,17dwipjyotikakati,647,200.031,0
Enoch,Aitiana,17raghav777,648,200.76,0
Enoelia,Aitor,17sahil,649,200.72,0
fname200.336,lname200.336,1806amit,650,200.336,22222
fname200.993,lname200.993,186AnwarAnsari,651,200.993,22222
fname200.733,lname200.733,189kingrahul,652,200.733,22222
fname200.496,lname200.496,18above,653,200.496,22222
fname200.264,lname200.264,18nc17devesh,654,200.264,22222
fname200.495,lname200.495,18rampm,655,200.495,22222
fname200.522,Aiur,18sujitjha,656,200.522,1111
fname200.509,lname200.509,18vivekshukla,657,200.509,22222
fname200.403,Aiwei,1966deepak,658,200.403,1111
fname200.91,lname200.91,1970pandeypradeep,659,200.91,22222
Enrrique,Aixiang,1974kamleshb,660,200.296,0
Enver,Aixiong,1981sonirohit,661,200.728,0
Enya,Aiyan,1986bablusingh,662,200.574,0
fname200.377,Aiyana,1987SHILPAKS,663,200.377,1111
fname200.872,lname200.872,1987sk12,664,200.872,22222
fname200.371,lname200.371,1989alok,665,200.371,22222
fname200.469,lname200.469,1989kumarmk,666,200.469,22222
fname200.226,lname200.226,1992danish12,667,200.226,22222
fname200.286,lname200.286,1993abiram,668,200.286,22222
fname200.838,lname200.838,1994krushna,669,200.838,22222
Eraldo,Aizane,1994rk,670,200.536,0
Eralia,Aizea,1995shabnamk,671,200.257,0
Erasma,Aizeti,1995sunil,672,200.228,0
fname200.9,lname200.9,1995vikram,673,200.9,22222
fname200.479,lname200.479,1996hanumankumar,674,200.479,22222
fname200.697,lname200.697,1996raunak,675,200.697,22222
fname200.794,lname200.794,1997oct30,676,200.794,22222
fname200.963,lname200.963,1997sahindyadav,677,200.963,22222
fname200.629,lname200.629,1999rajkumar978,678,200.629,22222
fname200.397,Ajit,1999ranjitibehera,679,200.397,1111
fname200.509,lname200.509,1arunkataria,680,200.509,22222
Erhan,Akaki,1birpintu,681,200.849,0
fname200.234,lname200.234,1naisuruwat,682,200.234,22222
Erhimo,Akash,1pnm,683,200.55,0
fname200.639,lname200.639,1RS3,684,200.639,22222
fname200.715,lname200.715,1sb,685,200.715,22222
fname200.151,lname200.151,1venkat,686,200.151,22222
fname200.48,lname200.48,1xmanishkumartiwari,687,200.48,22222
fname200.005,lname200.005,20033nithicp,688,200.005,22222
Erick,Akier,2006bikash,689,200.668,0
Ericka,Akiko,200rakeshlhr,690,200.946,0
fname200.443,lname200.443,2016ashishyadav1998,691,200.443,22222
Ericson,Akila,2016forprem,692,200.905,0
fname200.086,Akilah,2019samarpan,693,200.086,1111
fname200.094,lname200.094,20jitupatel,694,200.094,22222
fname200.729,lname200.729,20kanikajain,695,200.729,22222
fname200.495,Akli,20MARS20,696,200.495,1111
Eriko,Akmal,20sahilsharma,697,200.163,0
fname200.305,lname200.305,210160arun,698,200.305,22222
fname200.261,lname200.261,2105purnima,699,200.261,22222
Eritz,Aksel,21112000punit,700,200.981,0
fname200.234,lname200.234,2112mukesh,701,200.234,22222
fname200.367,Akvile,21himanshurai,702,200.367,1111
fname200.592,lname200.592,21kuldeepsihag,703,200.592,22222
Erlaitz,Al,21novembe24,704,200.781,0
Erlan,Ala,222samjith,705,200.355,0
Erlantz,Alaa,22abhis,706,200.224,0
fname200.783,lname200.783,22anu,707,200.783,22222
fname200.465,lname200.465,22deepakalm,708,200.465,22222
fname200.256,lname200.256,22dhaneshdrana,709,200.256,22222
Erling,Aladji,22mayankbisht,710,200.494,0
fname200.979,lname200.979,22rishi,711,200.979,22222
Ermanno,Alaeddine,22saleemshaikh,712,200.141,0
fname200.679,Alagie,22sm07,713,200.679,1111
fname200.606,lname200.606,2307ram,714,200.606,22222
fname200.684,lname200.684,23456789j,715,200.684,22222
Ermerinda,Alaide,234avi,716,200.365,0
Ermes,Alain,2455kumaranil,717,200.334,0
Ermesinda,Alaina,248kushhhh,718,200.389,0
fname200.129,lname200.129,24Lavanya2018,719,200.129,22222
Ermina,Alaitz,24ndr97,720,200.929,0
Erminda,Alaksmi,2504Nikunjagarwal,721,200.073,0
Erminia,Alam,25800krishna,722,200.724,0
fname200.598,Alamgir,25Harshad,723,200.598,1111
Ermita,Alami,26ishasharma,724,200.048,0
fname200.624,Alan,26mitesh2000,725,200.624,1111
fname200.133,lname200.133,26roygkv,726,200.133,22222
Ernest,Alane,2702ashu,727,200.802,0
fname200.458,lname200.458,27alPHa,728,200.458,22222
fname200.58,lname200.58,27offsuit,729,200.58,22222
Ernestina,Alano,27suraj2822,730,200.464,0
Ernestine,Alarico,2805ankitasurve,731,200.304,0
fname200.979,lname200.979,2812rahulsingh,732,200.979,22222
fname200.252,Alasne,28yashagarwal,733,200.252,1111
fname200.08,lname200.08,29163thakur,734,200.08,22222
fname200.697,lname200.697,2adammomin,735,200.697,22222
fname200.529,lname200.529,2ajaykumar999,736,200.529,22222
fname200.259,lname200.259,2bharatgarg,737,200.259,22222
Erol,Alayn,2gud4chix,738,200.196,0
Erola,Alayna,2vijaysallakonda002,739,200.195,0
Erondina,Alazne,301027pawan,740,200.223,0
Eros,Alba,30maarkhan,741,200.701,0
Erotida,Alban,3112vipul,742,200.181,0
Erradi,Albana,314R8,743,200.132,0
Erramun,Albania,319ravindra319,744,200.135,0
fname200.927,lname200.927,31rinku,745,200.927,22222
Ersilia,Albar,321Riya,746,200.906,0
Ersin,Albarina,33044lyf,747,200.21,0
fname200.023,Albaro,333nitin333,748,200.023,1111
fname200.87,lname200.87,333sathishkumar,749,200.87,22222
fname200.444,Albeiro,334455S,750,200.444,1111
Ervigio,Albena,3357aj,751,200.415,0
fname200.33,lname200.33,33asonyaps,752,200.33,22222
fname200.629,Alberico,34ajju,753,200.629,1111
fname200.244,lname200.244,365design,754,200.244,22222
Eryk,Alberta,3dsandeep,755,200.751,0
Eryka,Albertas,3gnetworld,756,200.558,0
fname200.188,Alberte,420HAKKU,757,200.188,1111
fname200.083,lname200.083,4222aman,758,200.083,22222
Es,Albertina,428francis,759,200.4,0
fname200.75,lname200.75,4312optgkr,760,200.75,22222
fname200.08,lname200.08,44448888go,761,200.08,22222
Escarlata,Alberto,444blinkzankz,762,200.197,0
Escelita,Albertus,44shyampur,763,200.719,0
fname200.467,lname200.467,45103yash,764,200.467,22222
Escolastica,Albin,456studioschennai,765,200.314,0
fname200.614,lname200.614,4795seema,766,200.614,22222
Esdras,Albino,484812rkverma,767,200.69,0
fname200.025,lname200.025,4861alkshah,768,200.025,22222
fname200.398,Albito,4amshivam,769,200.398,1111
fname200.983,lname200.983,4coolsid,770,200.983,22222
Esmael,Albrecht,4sreejith,771,200.478,0
fname200.936,lname200.936,4syed4,772,200.936,22222
fname200.806,lname200.806,4umanu01,773,200.806,22222
fname200.431,lname200.431,5122001kkm,774,200.431,22222
Esmeraldo,Alcibiades,513512vishal,775,200.275,0
fname200.951,lname200.951,5179230didu,776,200.951,22222
fname200.439,lname200.439,52kuledinesh,777,200.439,22222
fname200.9,Alcino,53shivakesh,778,200.9,1111
fname200.106,lname200.106,54321z,779,200.106,22222
fname200.943,lname200.943,551lk,780,200.943,22222
Espa単a,Alcor,555filk,781,200.512,0
fname200.645,lname200.645,555k457ur,782,200.645,22222
fname200.764,lname200.764,555kar,783,200.764,22222
Espen,Aldair,55anandkumar,784,200.049,0
fname200.005,Aldan,56890ri9952580069123,785,200.005,1111
fname200.83,lname200.83,56udaybhawsar4590,786,200.83,22222
fname200.286,Aldara,5764harsh,787,200.286,1111
fname200.735,Aldegunda,5987graphics,788,200.735,1111
Espiridion,Aldemar,599sagar,789,200.433,0
fname200.509,Alden,5ingh5oorma,790,200.509,1111
Espiritusanto,Aldin,5myluck31,791,200.471,0
fname200.249,Aldina,5Z6N6N,792,200.249,1111
fname200.695,lname200.695,605arunsharma,793,200.695,22222
fname200.217,lname200.217,6202281997rahul,794,200.217,22222
Essadia,Aldonza,6207917114sk,795,200.975,0
fname200.025,lname200.025,6394370799raju,796,200.025,22222
fname200.504,Aldrin,6690ahmed,797,200.504,1111
Essie,Alea,6695sahilss,798,200.611,0
fname200.188,Alease,6955542okaxis,799,200.188,1111
fname200.052,lname200.052,69dhan,800,200.052,22222
fname200.6,lname200.6,69playerlegendary,801,200.6,22222
Estanisla,Alecsandru,6balaji004,802,200.888,0
fname200.677,lname200.677,6PackPANDA,803,200.677,22222
Estanislada,Aleen,7007693147s,804,200.583,0
fname200.75,lname200.75,7012087399vinodh,805,200.75,22222
fname200.542,lname200.542,7013550312sss,806,200.542,22222
fname200.837,lname200.837,7013735558a,807,200.837,22222
fname200.915,lname200.915,7035191701r,808,200.915,22222
fname200.502,Aleida,7037anshik,809,200.502,1111
fname200.008,lname200.008,7047743683jakirsarda,810,200.008,22222
fname200.212,lname200.212,7051920813vs,811,200.212,22222
Estefana,Aleix,7065taniroy,812,200.836,0
fname200.256,lname200.256,7066933765pg,813,200.256,22222
fname200.582,Aleixandre,707022nitish,814,200.582,1111
fname200.691,lname200.691,72006464sathish,815,200.691,22222
Estefano,Aleja,7240bannaji,816,200.846,0
Estefany,Alejandra,7250696915vishnumaha,817,200.047,0
Estel,Alejandrina,72509845581994om,818,200.508,0
fname200.45,lname200.45,7259299amburlingappa,819,200.45,22222
fname200.516,lname200.516,7269bhairav,820,200.516,22222
fname200.603,lname200.603,7275vicky,821,200.603,22222
fname200.75,Alejos,7283Naresh2611,822,200.75,1111
fname200.549,lname200.549,7290903122harsh,823,200.549,22222
fname200.143,Aleko,7352927528da,824,200.143,1111
Estelvina,Aleks,7373736543rr,825,200.901,0
fname200.543,lname200.543,7389630p,826,200.543,22222
fname200.204,Aleksander,7400334642a,827,200.204,1111
Ester,Aleksandr,740sohan,828,200.655,0
fname200.602,lname200.602,7481892165sonukumar,829,200.602,22222
Estervina,Aleksandras,74hnsingh,830,200.423,0
fname200.969,lname200.969,74khanvivomobile,831,200.969,22222
Esteve,Aleksandrina,750890lucky,832,200.265,0
Esteven,Aleksandrov,7509419977kanchan121,833,200.003,0
fname200.989,Aleksandrs,7568004300ram,834,200.989,1111
fname200.485,lname200.485,7612prakash,835,200.485,22222
fname200.687,lname200.687,767rajarya,836,200.687,22222
fname200.546,Aleksejs,773afaridul,837,200.546,1111
fname200.354,lname200.354,7773shekhawat,838,200.354,22222
Estibaliz,Aleksi,7777yogeshrao,839,200.138,0
fname200.838,lname200.838,777long,840,200.838,22222
fname200.329,lname200.329,7782ManishKumar,841,200.329,22222
fname200.3,lname200.3,7798yashjoshi,842,200.3,22222
fname200.484,lname200.484,7814673952ankitkumar,843,200.484,22222
fname200.806,Alenka,7852prakash,844,200.806,1111
Estrela,Ales,786laxmisharma,845,200.295,0
fname200.131,lname200.131,786mushirakbar,846,200.131,22222
fname200.449,lname200.449,786vipendrasingh,847,200.449,22222
fname200.544,lname200.544,7896490929ritu,848,200.544,22222
fname200.07,lname200.07,78jituprajapati,849,200.07,22222
fname200.507,lname200.507,7902samikhan,850,200.507,22222
fname200.87,Alesia,791982ksreddy,851,200.87,1111
fname200.765,lname200.765,7974882094sonu,852,200.765,22222
Etelvina,Alessandro,7995437455e,853,200.215,0
fname200.755,lname200.755,79vijayindira,854,200.755,22222
fname200.592,Alessio,7adarshgupta,855,200.592,1111
fname200.519,lname200.519,7deuce,856,200.519,22222
fname200.012,Aleta,7king8irfan6khan,857,200.012,1111
Ethan,Aleth,7puteavinash214,858,200.363,0
Ethel,Aletha,7rahulrastogi3,859,200.931,0
fname200.643,Alethea,8005448448s,860,200.643,1111
fname200.811,lname200.811,8054193265samrat,861,200.811,22222
fname200.716,lname200.716,8055dada1234567890,862,200.716,22222
Ethyl,Alevtina,807769m,863,200.462,0
fname200.121,lname200.121,8130162300dogra,864,200.121,22222
Etna,Alexa,8168227258dd,865,200.044,0
fname200.009,Alexand,8235217475mk,866,200.009,1111
fname200.88,lname200.88,8249367740chandubabu,867,200.88,22222
Etta,Alexande,8271137211r,868,200.967,0
fname200.614,Alexander,82828248s,869,200.614,1111
Ettore,Alexandr,8287302428mk,870,200.782,0
Etxahun,Alexandra,8296220608y,871,200.609,0
fname200.565,lname200.565,82kamath,872,200.565,22222
fname200.11,lname200.11,8306554008mh,873,200.11,22222
fname200.184,Alexandrina,8306796467ajay,874,200.184,1111
Eudaldo,Alexandro,8329825515Shri,875,200.219,0
Eudardo,Alexandros,83599091b,876,200.491,0
Eudelia,Alexandru,8373931195ss,877,200.992,0
fname200.475,lname200.475,83abhirevandkar,878,200.475,22222
fname200.057,lname200.057,8447628976sss,879,200.057,22222
fname200.993,Alexey,84arun,880,200.993,1111
Eudosia,Alexi,85077govindkrmalhotr,881,200.461,0
fname200.077,lname200.077,8553458307r,882,200.077,22222
fname200.629,Alexis,8618960414rahul,883,200.629,1111
Eudoxio,Alexsander,8619deenu,884,200.839,0
Eufemia,Alexsandra,8700268707mukeshkuma,885,200.242,0
Eufemiano,Alexsandro,8709455672fgggghhhhh,886,200.017,0
Eufemio,Alexy,8750239512s,887,200.672,0
Eufracia,Aleyda,8757072183khan,888,200.625,0
Eufrasia,Alf,8787imrankhan,889,200.962,0
fname200.058,lname200.058,8790919553dsm,890,200.058,22222
fname200.504,Alfia,8850343885brijesh,891,200.504,1111
Eufronio,Alfie,8866o64307,892,200.772,0
Eufrosina,Alfio,888shubham,893,200.534,0
fname200.077,lname200.077,88dasgobinda,894,200.077,22222
fname200.952,Alfons,88lokesh88,895,200.952,1111
Eugene,Alfonsa,8930221sa,896,200.274,0
fname200.113,lname200.113,8932068449V,897,200.113,22222
Eugenie,Alfonzo,8942807917dinesh,898,200.692,0
Eugenijus,Alfred,8951587802s,899,200.618,0
fname200.928,lname200.928,89ankur89,900,200.928,22222
fname200.485,lname200.485,89srajavel,901,200.485,22222
Eugeniusz,Alfredo,89viveksingh,902,200.114,0
Eugeniy,Alfusainey,8rmanikandanms,903,200.01,0
fname200.882,Algimantas,8t81091303,904,200.882,1111
fname200.99,lname200.99,8total,905,200.99,22222
fname200.131,Algis,8yogi,906,200.131,1111
fname200.662,lname200.662,90090775bh,907,200.662,22222
fname200.823,lname200.823,9063687484k,908,200.823,22222
fname200.956,lname200.956,906invest,909,200.956,22222
fname200.052,lname200.052,9075565132kailas,910,200.052,22222
fname200.006,lname200.006,90clbaba,911,200.006,22222
fname200.051,Alhassan,90jatingupta,912,200.051,1111
fname200.715,Alhassane,90umair45sherwani,913,200.715,1111
Eulogi,Ali,9101992963rashidul,914,200.638,0
fname200.746,lname200.746,911shivrajparmar,915,200.746,22222
fname200.3,lname200.3,9136891892k,916,200.3,22222
fname200.384,lname200.384,9165r,917,200.384,22222
fname200.379,lname200.379,9204a4545,918,200.379,22222
fname200.283,Alian,9211na,919,200.283,1111
Euna,Aliana,9214siddharth2019,920,200.656,0
Eunate,Alianza,92657mahesh,921,200.972,0
fname200.261,Alica,92mishra,922,200.261,1111
Euquerio,Alice,92nazmul786,923,200.34,0
fname200.679,Alicia,92puri,924,200.679,1111
fname200.436,Alicio,9366798501a,925,200.436,1111
fname200.075,lname200.075,93988arun,926,200.075,22222
fname200.764,Alida,93bhavik,927,200.764,1111
fname200.052,Alie,93RAGHAVKUMARJHA,928,200.052,1111
fname200.983,Alien,93sourabh24,929,200.983,1111
fname200.671,lname200.671,93swapandas,930,200.671,22222
fname200.994,Alieu,944sunil,931,200.994,1111
fname200.998,lname200.998,9452771451vivek,932,200.998,22222
fname200.873,lname200.873,9459939816N,933,200.873,22222
fname200.37,lname200.37,94prashantpandey,934,200.37,22222
fname200.203,lname200.203,9502796618v,935,200.203,22222
fname200.144,lname200.144,9515484053nj,936,200.144,22222
Eustolia,Alin,9519268012rohitkumar,937,200.026,0
fname200.688,lname200.688,9538999400long,938,200.688,22222
fname200.882,Alinda,953umang,939,200.882,1111
fname200.819,lname200.819,9552825230y,940,200.819,22222
fname200.484,Aliona,95666984vj,941,200.484,1111
fname200.007,lname200.007,9576103197sanjana,942,200.007,22222
Eutimia,Alioune,957999939p,943,200.499,0
fname200.636,lname200.636,9585778018karthi,944,200.636,22222
fname200.244,Alireza,95brijesh49,945,200.244,1111
Eutiquiano,Alirio,95gghosh,946,200.368,0
fname200.198,lname200.198,95goutamdas95,947,200.198,22222
fname200.032,lname200.032,95kumarvishal1995,948,200.032,22222
fname200.543,lname200.543,95omkumar96,949,200.543,22222
fname200.847,lname200.847,9623nilesh5281,950,200.847,22222
Evaldas,Aliseda,9630618203raj,951,200.177,0
fname200.797,Alisha,9634119923vy,952,200.797,1111
Evan,Alishba,9668523492sp,953,200.424,0
Evandro,Alishia,9668711430mishra,954,200.833,0
fname200.913,lname200.913,9688921079mk,955,200.913,22222
fname200.387,lname200.387,9719010203manoj,956,200.387,22222
fname200.336,Alissa,9719himanshusharma,957,200.336,1111
fname200.88,lname200.88,9727862697j,958,200.88,22222
fname200.951,lname200.951,9754mukeshchoudhary,959,200.951,22222
fname200.051,Alister,9768681355sv,960,200.051,1111
Evangelos,Alita,9785204772m,961,200.262,0
fname200.904,Aliu,9799sunil,962,200.904,1111
fname200.098,lname200.098,9853203020B,963,200.098,22222
Evarista,Alix,98586485d,964,200.357,0
Evaristo,Aliya,9888pankaj,965,200.899,0
Evdochia,Aliza,9896gurjent,966,200.022,0
fname200.186,lname200.186,98hansraj,967,200.186,22222
fname200.825,lname200.825,991065guptapradeep12,968,200.825,22222
fname200.794,Alizia,991308266vipulviupul,969,200.794,1111
fname200.549,lname200.549,9924366360vishal,970,200.549,22222
Evelia,Allah,9935296638s,971,200.316,0
Evelin,Allal,9935dharmen,972,200.473,0
Evelina,Allan,9948454670farooq5181,973,200.489,0
fname200.241,Alle,9953949261monikashar,974,200.241,1111
fname200.245,Alleen,9954mojar,975,200.245,1111
Evelyn,Allegra,9959786007Giri,976,200.775,0
fname200.687,lname200.687,9983845191anil,977,200.687,22222
Evelynn,Allena,9984575067sss,978,200.361,0
Evencia,Allende,9991rahul,979,200.115,0
fname200.615,lname200.615,9991rahuld,980,200.615,22222
fname200.052,Allie,9996169883sahilmalho,981,200.052,1111
Everaldo,Alline,999677o867,982,200.29,0
Everardo,Allison,99psahu,983,200.448,0
fname200.847,lname200.847,99rajguru,984,200.847,22222
fname200.963,lname200.963,99sadhanbiswas,985,200.963,22222
fname200.31,Alma,9deva7999,986,200.31,1111
Evert,Almamy,9one9sme,987,200.584,0
Everth,Almeda,9raj9999raj,988,200.955,0
fname200.634,lname200.634,9susmita,989,200.634,22222
Evette,Almerinda,a01ariff,990,200.437,0
fname200.495,Almeta,a1281987,991,200.495,1111
fname200.983,ek,one1,992,200.983,1111
fname200.336,Do,Two2,993,200.336,1111
fname200.688,lname200.688,Teen3,994,200.688,22222
fname200.182,lname200.182,Four4,995,200.182,22222
Five,panch,Five5,996,200.306,0
fname200.699,lname200.699,Six6,997,200.699,22222
seveb,Saat,Seven7,998,200.568,0
fname200.447,lname200.447,Eight8,999,200.447,22222
